<?xml version="1.0" encoding="UTF-8"?>
<!DOCTYPE configuremap [
  <!ELEMENT configuremap (configure)+>
  <!ATTLIST configuremap xmlns CDATA #FIXED ''>
  <!ELEMENT configure EMPTY>
  <!ATTLIST configure xmlns CDATA #FIXED '' name NMTOKEN #REQUIRED
    value CDATA #REQUIRED>
]>
<!--
  ImageMagick build configuration.
-->
<configuremap>
  <configure name="CC" value="gcc"/>
  <configure name="CFLAGS" value="-I/usr/local/include/libxml2 -I/usr/local/include -I/usr/local/include -I/usr/local/include/libpng16 -I/usr/local/include -I/usr/local/include -I/usr/local/include -I/usr/local/include  -I/usr/local/include   -g -O2 -Wall -mtune=penryn -fexceptions -D_FORTIFY_SOURCE=0 -Qunused-arguments -pthread -DMAGICKCORE_HDRI_ENABLE=1 -DMAGICKCORE_QUANTUM_DEPTH=16"/>
  <configure name="CODER_PATH" value="/usr/local/lib/ImageMagick-7.0.8/modules-Q16HDRI/coders"/>
  <configure name="CONFIGURE_PATH" value="/usr/local/etc/ImageMagick-7/"/>
  <configure name="CONFIGURE" value="./configure  '--enable-static=no' '-without-modules' '--enable-zero-configuration' '--enable-hdri' '--disable-opencl' '--without-x' 'LIBS=-lwebp -lzstd -llzma -ljbig -ljpeg -lz'"/>
  <configure name="COPYRIGHT" value="Copyright (C) 1999-2019 ImageMagick Studio LLC"/>
  <configure name="CPPFLAGS" value="-I/usr/local/include/ImageMagick-7"/>
  <configure name="CXXFLAGS" value="-g -O2 -Qunused-arguments -pthread"/>
  <configure name="CXX" value="g++"/>
  <configure name="DEFS" value="-DHAVE_CONFIG_H"/>
  <configure name="DELEGATES" value="bzlib mpeg fftw jbig jng jpeg lcms lzma png tiff webp xml zlib zstd"/>
  <configure name="DISTCHECK_CONFIG_FLAGS" value="'LIBS=-lwebp -lzstd -llzma -ljbig -ljpeg -lz'  --disable-deprecated  --with-quantum-depth=16  --with-jemalloc=no  --with-umem=no  --with-autotrace=no  --with-gslib=no  --with-fontpath=  --with-rsvg=no  --with-perl=no "/>
  <configure name="DOCUMENTATION_PATH" value="/usr/local/share/doc/ImageMagick-7"/>
  <configure name="EXEC-PREFIX" value="/usr/local"/>
  <configure name="EXECUTABLE_PATH" value="/usr/local/bin"/>
  <configure name="FEATURES" value="DPC HDRI Zero-configuration Cipher"/>
  <configure name="FILTER_PATH" value="/usr/local/lib/ImageMagick-7.0.8/modules-Q16HDRI/filters"/>
  <configure name="GIT_REVISION" value="15412" />
  <configure name="HOST" value="x86_64-apple-darwin12.6.0"/>
  <configure name="INCLUDE_PATH" value="/usr/local/include/ImageMagick-7"/>
  <configure name="LDFLAGS" value="-L/usr/local/lib "/>
  <configure name="LIBRARY_PATH" value="/usr/local/lib/ImageMagick-7.0.8"/>
  <configure name="LIBS" value="-lwebp -lzstd -llzma -ljbig -ljpeg -lz -ljbig -L/usr/local/lib -llcms2 -ltiff   -ljpeg   -L/usr/local/lib -lpng16 -lz   -L/usr/local/lib -lfftw3     -L/usr/local/lib -lwebpmux -lwebp -L/usr/local/lib -lwebp       -L/usr/local/lib -llzma -lbz2      -L/usr/local/lib -lxml2  -L/usr/local/lib -lz  -lltdl   -lm     "/>
  <configure name="LIB_VERSION_NUMBER" value="7,0,8,34"/>
  <configure name="LIB_VERSION" value="0x708"/>
  <configure name="NAME" value="ImageMagick"/>
  <configure name="PCFLAGS" value="-DMAGICKCORE_HDRI_ENABLE=1 -DMAGICKCORE_QUANTUM_DEPTH=16"/>
  <configure name="PREFIX" value="/usr/local"/>
  <configure name="QuantumDepth" value="16"/>
  <configure name="RELEASE_DATE" value="2019-04-12"/>
  <configure name="SHAREARCH_PATH" value="/usr/local/lib/ImageMagick-7.0.8/config-Q16HDRI"/>
  <configure name="SHARE_PATH" value="/usr/local/share/ImageMagick-7"/>
  <configure name="TARGET_CPU" value="x86_64"/>
  <configure name="TARGET_OS" value="darwin12.6.0"/>
  <configure name="TARGET_VENDOR" value="apple"/>
  <configure name="VERSION" value="7.0.8"/>
  <configure name="WEBSITE" value="https://imagemagick.org"/>
</configuremap>
